date,decision,reasoning,expected_outcome,review_date,status
2026-08-06,Set up persistent memory system with /memory directory,Need a way for the AI assistant to maintain context across sessions without re-explaining the project every time,Faster onboarding at each session; consistent behavior and preferences respected,2026-09-05,active
2026-08-06,Destructure hasPermission in Students.jsx to support accounts_manager role,hasPermission was called in Students.jsx without being destructured from useApp() context causing ReferenceError crash,Accounts manager and role-restricted users can load Students page safely,2026-09-05,active
2026-08-06,Strict production DB protection policy on git deployment,Live production database data must never be overwritten or seeded with demo data during pulls; only schema structures update,Zero data loss for live student payments and user records during deployments,2026-09-05,active
2026-08-06,Implement Certificate Generation & Management System with live preview and email PDF attachment,Need official completion certificates customizable per course with partner logos (DEEP10X), golden badges, WhatsApp sharing, and email PDF attachments,Automated certificate issuance, instant PDF downloads, and direct email delivery with zero manual overhead,2026-09-05,active
2026-08-06,Fix 500 error on Direct Admission creation in studentController.js,User email and customId duplicate checks were missing and customId was not passed to Student.create causing DB unique constraint crashes,Direct admission creates students and user accounts cleanly with friendly 400 validation error responses instead of 500 crashes,2026-09-05,active
2026-08-06,Enhance checkStudentExists to check User model & customId with live inline form warning,checkStudentExists only checked Student table for email which allowed submitting duplicate User emails,Forms show instant inline warnings on duplicate email/customId before submit and guide user to Existing Student Enrollment tab,2026-09-05,active
2026-08-06,Increase core sync fetch timeout to 30s & add Socket.io HTTP polling fallback,6s timeout was too tight for cPanel shared hosting cold starts causing Core Sync Error and pure websocket was blocked on WSS,Data loads reliably on cold starts and Socket.io connects seamlessly via polling fallback,2026-09-05,active
2026-08-06,Automatically link existing User account when creating Student profile in studentController.js,If an email exists in Users table but not in Students table createStudent links the existing User without throwing duplicate error,Seamless student registration regardless of whether a User login account pre-existed in system,2026-09-05,active
2026-08-06,Fix Certificate API 500 error & html2canvas oklch color parsing in PDF generator,Batch model include used non-existent batchName/code causing 500 error and html2canvas crashed on CSS oklch color functions,Certificates load cleanly and PDFs generate instantly without canvas rendering errors,2026-09-05,active
2026-08-06,Fix Certificate preview clipping, WhatsApp phone formatting, and robust oklch PDF generator onclone handler,Canvas aspect ratio clipped bottom signatures and seal; 03XXXXXXXXX phone numbers failed in WhatsApp; oklch crashed html2canvas,Full A4 certificate is 100% visible without clipping, WhatsApp opens with valid 923XXXXXXXXX numbers, and Save/Download PDF works error-free,2026-09-05,active
2026-08-06,Eliminate oklch html2canvas crash via main window style backup/restore & add mobile responsive scaling,Tailwind v4 oklch rules in main window style tags crashed html2canvas parser during render,Temporarily replaces oklch with hex colors during canvas render and restores immediately in finally block with 100% responsive mobile scaling,2026-09-05,active
2026-08-06,Import Certificate and missing models in server/index.js for automatic MySQL table creation,Certificate model was defined in models/index.js but missing from server/index.js imports which prevented sequelize.sync from auto-creating Certificates table,Ensures Certificates table is automatically created in MySQL database on server startup,2026-09-05,active
2026-08-06,Replace legacy html2canvas with native html-to-image library for PDF generation,Legacy html2canvas 2014 parser crashed on modern Tailwind v4 oklch CSS color functions,html-to-image uses browser native SVG foreignObject rendering eliminating oklch parsing errors 100%,2026-09-05,active
2026-08-06,Increase Express body-parser limit to 50mb for base64 certificate payloads,Default 100kb express.json limit rejected 2MB-3MB base64 PDF payloads causing API 500 error,Allows certificate base64 file payloads to be saved to disk and database cleanly without 500 error,2026-09-05,active
2026-08-06,Safely unwrap response object from apiClient.post in CertificateModal,apiClient response interceptor unwraps response.data directly causing res.data.certificate to throw TypeError,Safely accesses res.certificate or res directly resolving TypeError on save and email,2026-09-05,active
2026-08-06,Split base64 string on base64, separator to prevent file corruption on disk,jsPDF datauristring parameters caused regex match failure resulting in corrupted binary files on server,Cleanly extracts raw base64 string after base64, separator ensuring pristine 100% valid PDF files on server,2026-09-05,active
2026-08-17,Add dynamic secondary contact fields (secondaryPhone secondaryEmail additionalContacts) with Plus icon button,Allow registering multiple phone numbers or emails per student,Flexible student contact management and directory searching by secondary contacts,2026-09-16,active
2026-08-17,Fix triplicate PDF challan 2-page print overflow & add Settings PNG signature upload option,Triplicate fee challan exceeded A4 landscape page height spilling to page 2; user required signature PNG upload & custom signature title,Challans print 100% cleanly on 1 single A4 landscape page without header/footer break and display uploaded PNG signature,2026-09-16,active
2026-08-17,Fix ReferenceError instituteContact in FeeChallan.jsx destructuring,Destructuring in FeeChallan.jsx was missing instituteContact default parameter causing React error boundary crash,Added instituteContact back to destructuring; FeeChallan loads cleanly without errors,2026-09-16,active
2026-08-17,Switch settings Multer middleware to upload.any() to fix 500 Unexpected field error,upload.fields rejected text field payload data in FormData causing 500 Unexpected field error on settings save,upload.any() processes both files and text fields without MulterError; settings save seamlessly,2026-09-16,active
2026-08-17,Sync Setting table DB schema & restart server daemon & remove manual Content-Type header in api.js,Previous node process PID 6439 held old in-memory code and Axios manual Content-Type omitted multipart boundary causing 500 error,Restarted backend server PID 9796 with synced MySQL schema and auto-boundary FormData in Axios; PUT settings saves 100% cleanly,2026-09-16,active
2026-08-17,Pass full backend URL for logoUrl and signatureUrl to FeeChallan & generateReceipt,Logo and signature URLs were relative paths (/uploads/settings/...) and not rendered in logoRing or signature block,Constructed full backend URLs (http://localhost:5001/uploads/settings/...) and added img rendering with fallbacks to ChallanCopy and generateReceipt,2026-09-16,active
2026-08-17,Seed default signature SVG in server uploads & simplify img src in FeeChallan.jsx,Database signatureUrl was null because no signature PNG file was uploaded yet,Seeded default signature SVG image and updated DB record & simplified img src in FeeChallan.jsx so signature renders immediately,2026-09-16,active
2026-08-17,Add cache-busting timestamp & instant state sync for Settings PNG uploads,Browser cached previous default SVG/image URL resulting in preview reverting on refetch,Added timestamp query string to image preview URLs and updated AppContext state immediately on save,2026-09-16,active
2026-08-17,Bind label htmlFor to input id for PNG signature upload dropzone in Settings.jsx,File input click was obscured by hover overlay label causing PNG selection to miss triggering handleSignatureChange,Bound label htmlFor to signature-upload-input id and added visual selection badge for reliable upload,2026-09-16,active
2026-08-17,Expand Multer fileFilter allowed image mimetypes & restart backend daemon PID 12553,Strict Multer regex filter rejected certain image mimetypes causing file upload to drop silently,Expanded Multer fileFilter to accept image/* and .png .jpg .jpeg .svg .webp extensions; signature upload persists 100% permanently in DB,2026-09-16,active
2026-08-18,Add dynamic branding inputs (Official Email & Website) and Authorized Signature Uploader API & bind to Fee Challans,User requested dynamic email and website inputs in System Settings and dynamic signature image rendering on all Fee Challans,Added officialEmail & officialWebsite schema fields and POST /api/settings/upload-signature endpoint; updated FeeChallan & generateReceipt templates,2026-09-17,active
2026-08-20,Triplicate fee challan PDF generator and template integration for email payments,Email receipts previously sent single column receipts instead of official triplicate A4 landscape challans,Automated payment and due reminder emails attach 3-copy triplicate PDF challans with complete bank deposit details,2026-09-19,active
2026-08-20,Ensure uploads subdirectories and static express routing on server boot,Uploaded assets were returning 404 or missing directories on deployment,All upload directories (branding invoices students temp etc) auto-provision and serve under /uploads,2026-09-19,active
2026-08-20,Configure Socket.IO with window.location.origin and reverse proxy SSL support,WebSocket connections threw ERR_CERT_AUTHORITY_INVALID on domain hosting,Socket connects seamlessly over WSS/HTTPS with websocket and polling transports,2026-09-19,active










